Name,University/Organization,Type of Chair,Conference,Year
Arvind Krishnamurthy,University of Washington,Program Committee Chair,SigComm,2014
Sylvia Ratnasamy,University of California Berkeley,Program Committee Chair,SigComm,2014
Aditya Akella,University of Wisconsin,Program Committee Member,SigComm,2014
Katerina Argyraki,EPFL,Program Committee Member,SigComm,2014
Guido Appenzeller,Big Switch Networks,Program Committee Member,SigComm,2014
Hitesh Ballani,Microsoft Research,Program Committee Member,SigComm,2014
Paul Barford,University of Wisconsin,Program Committee Member,SigComm,2014
Matt Caesar,University of Illinois,Program Committee Member,SigComm,2014
Augustin Chaintreau,Columbia University,Program Committee Member,SigComm,2014
Bruce Davie,VMware,Program Committee Member,SigComm,2014
Christophe Diot,Technicolor,Program Committee Member,SigComm,2014
Nandita Dukkipati,Google,Program Committee Member,SigComm,2014
Rodrigo Fonseca,Brown University,Program Committee Member,SigComm,2014
Nate Foster,Cornell University,Program Committee Member,SigComm,2014
Ali Ghodsi,University of California Berkeley,Program Committee Member,SigComm,2014
Paul Francis,Max Planck Institute,Program Committee Member,SigComm,2014
Sharon Goldberg,Boston University,Program Committee Member,SigComm,2014
Brighten Godfrey,University of Illinois,Program Committee Member,SigComm,2014
Shyam Gollakota,University of Washington,Program Committee Member,SigComm,2014
Saikat Guha,Microsoft Research,Program Committee Member,SigComm,2014
Krishna Gummadi,Max Planck Institute,Program Committee Member,SigComm,2014
Chuanxiong Guo,Microsoft Research,Program Committee Member,SigComm,2014
Polly Huang,National Taiwan University,Program Committee Member,SigComm,2014
Kyle Jamieson,University College London,Program Committee Member,SigComm,2014
Brad Karp,University College London,Program Committee Member,SigComm,2014
Ethan Katz-Bassett,University of Southern California,Program Committee Member,SigComm,2014
Teemu Koponen,VMware,Program Committee Member,SigComm,2014
Harsha Madhyastha,University of California Riverside,Program Committee Member,SigComm,2014
Ratul Mahajan,Microsoft Research,Program Committee Member,SigComm,2014
Nick McKeown,Stanford,Program Committee Member,SigComm,2014
Michael Mitzenmacher,Harvard University,Program Committee Member,SigComm,2014
Andrew Moore,University of Cambridge,Program Committee Member,SigComm,2014
Robert Morris,Massachusetts Institute of Technology,Program Committee Member,SigComm,2014
Jitendra Padhye,Microsoft Research,Program Committee Member,SigComm,2014
Vivek Pai,Princeton University,Program Committee Member,SigComm,2014
Dina Papagiannaki,Telefonica,Program Committee Member,SigComm,2014
Kyoung Soo Park,KAIST,Program Committee Member,SigComm,2014
Adrian Perrig,ETH Zurich,Program Committee Member,SigComm,2014
Larry Peterson,Princeton University and ON.LAB,Program Committee Member,SigComm,2014
Srinivasan Seshan,Carnegie Mellon University,Program Committee Member,SigComm,2014
Vyas Sekar,Carnegie Mellon University,Program Committee Member,SigComm,2014
Scott Shenker,University of California Berkeley and ICSI,Program Committee Member,SigComm,2014
Alex Snoeren,University of California San Diego,Program Committee Member,SigComm,2014
Neil Spring,University of Maryland,Program Committee Member,SigComm,2014
Kun Tan,Microsoft Research,Program Committee Member,SigComm,2014
Renata Teixeira,University Pierre et Marie Curie,Program Committee Member,SigComm,2014
Amin Vahdat,Google and University of California San Diego,Program Committee Member,SigComm,2014
Walter Willinger,Niksun,Program Committee Member,SigComm,2014
John Wrocklawski,ISI,Program Committee Member,SigComm,2014
Richard Yang,Yale University,Program Committee Member,SigComm,2014
Xiaowei Yang,Duke University,Program Committee Member,SigComm,2014
Minlan Yu,University of Southern California,Program Committee Member,SigComm,2014
Ellen Zegura,Georgia Tech,Program Committee Member,SigComm,2014
Yin Zhang,Austin,Program Committee Member,SigComm,2014
Rene Cruz,University of California San Diego,General conference co-chair,SigComm,2001
George Varghese,University of California San Diego,General conference co-chair,SigComm,2001
Roch Guerin,UniversityPennsylvania,Program committee co-chair,SigComm,2001
Derek Mc Auley,Marconi Research Center,Program committee co-chair,SigComm,2001
Joe Touch,USC/ISI,Finance chair,SigComm,2001
Geoff Voelker,University of California San Diego,Local arrangements chair,SigComm,2001
Ramesh Govindan,USC/ISI,Publication chair,SigComm,2001
Dilip Kandlur,IBM T. J.Watson,Publicity chair,SigComm,2001
Chuck Kalmanek,AT&T Research,Tutorials Chair,SigComm,2001
Christos Papadopoulos,Univeristy of Southern California,Student Travel Award Chair,SigComm,2001
Hari Balakrishnan,Massachusetts Institute of Technology,Student Poster Chair,SigComm,2001
Roch Guerin,UniversityPennsylvania,Program Committee Co-Chair,SigComm,2001
Derek McAuley,Cambridge,Program Committee Co-Chair,SigComm,2001
Mark Allman,NASA/BBN,Program Committee,SigComm,2001
Mostafa Ammar,Georgia Institute of Technology,Program Committee,SigComm,2001
Tom Anderson,University Washington,Program Committee,SigComm,2001
Hari Balakrishnan,Massachusetts Institute of Technology,Program Committee,SigComm,2001
Mihir Bellare,University of California San Diego,Program Committee,SigComm,2001
Ramon Caceres,Vindigo,Program Committee,SigComm,2001
Andrew Campbell,Columbia University,Program Committee,SigComm,2001
Lyman Chapin,BBN Technologies,Program Committee,SigComm,2001
Jon Crowcroft,UCL,Program Committee,SigComm,2001
Rene Cruz,University of California San Diego,Program Committee,SigComm,2001
Christophe Diot,Sprint,Program Committee,SigComm,2001
Michalis Faloutsos,University of California Riverside,Program Committee,SigComm,2001
Sally Floyd,ACIRI/ICSI,Program Committee,SigComm,2001
Ramesh Govindan,ISI/USC,Program Committee,SigComm,2001
Roch Guerin,University Pennsylvania,Program Committee,SigComm,2001
Per Gunningberg,Uppsala University,Program Committee,SigComm,2001
Balachander Krishnamurthy,AT&T,Program Committee,SigComm,2001
J.Y. Leboudec,EPFL,Program Committee,SigComm,2001
Ian Leslie,Cambridge University,Program Committee,SigComm,2001
Bryan Lyles,Sprint,Program Committee,SigComm,2001
Derek McAuley,Marconi Research Center,Program Committee,SigComm,2001
Nick McKeown,Stanford,Program Committee,SigComm,2001
Vern Paxson,ACIRI/ICSI,Program Committee,SigComm,2001
Raju Rajan,AT&T,Program Committee,SigComm,2001
K.K. Ramakrishnan,TeraOptic Networks,Program Committee,SigComm,2001
Jennifer Rexford,AT&T,Program Committee,SigComm,2001
Luigi Rizzo,University Pisa,Program Committee,SigComm,2001
Jim Roberts,France Telecom,Program Committee,SigComm,2001
Henning Schulzrine,Columbia University,Program Committee,SigComm,2001
Jonathan Smith,University Pennsylvania,Program Committee,SigComm,2001
Joe Touch,ISI/USC,Program Committee,SigComm,2001
Don Towsley,University Massachusetts,Program Committee,SigComm,2001
Ellen Zegura,Georgia Institute of Technology,Program Committee,SigComm,2001
Jun Murai,Keio University,SIGCOMM2007 Committee General Chair,SigComm,2007
Kenjiro Cho,IIJ,Vice General Chair (also Treasurer/Web Chair),SigComm,2007
Nina Taft,Intel Research,PC Chair,SigComm,2007
Anja Feldmann,Deutsche Telekom Labs/TU-Berlin,PC Chair,SigComm,2007
Paul Francis,Cornell University,Workshop/Tutorial Chair,SigComm,2007
Hiroshi Esaki,University of Tokyo,Workshop/Tutorial Chair,SigComm,2007
Craig Partridge,BBN Technologies,Publications Chair,SigComm,2007
Jelena Mirkovic,University of Delaware,Publicity Chair,SigComm,2007
Ryuji Wakikawa,Keio University,Local Arrangements Chair,SigComm,2007
T.S. Eugene Ng,Rice University,Poster Chair,SigComm,2007
Katherine Guo,Bell Labs,Travel Grant Chair,SigComm,2007
Guillaume Urvoy-Keller,Eurecom,Travel Grant Chair,SigComm,2007
Sue Moon,KAIST,Travel Grant Chair,SigComm,2007
Klaus Wehrle,RWTH Aachen,Travel Grant Chair,SigComm,2007
Christophe Diot,Thomson Research,Outrageous Opinions Chair,SigComm,2007
Shigeya Suzuki,USC/ISI,2007 Coordinator,SigComm,2007
Joe Touch,USC/ISI,Conference Coordinator,SigComm,2007
Jaudelice C. de Oliveira,Drexel University,Conference Coordinator,SigComm,2007
Nina Taft,Intel Research,Program Committee Chair,SigComm,2007
Anja Feldmann,Deutsche Telekom Labs/TU-Berlin,Program Committee Chair,SigComm,2007
Sharad Agarwal,Microsoft - USA,PC Member,SigComm,2007
Aditya Akella,University of Wisconsin Madison,PC Member,SigComm,2007
Paul Barford,University of Wisconsin Madison,PC Member,SigComm,2007
Samrat Bhattacharjee,University of Maryland,PC Member,SigComm,2007
Chen-Nee Chuah,University of California Davis,PC Member,SigComm,2007
Patrick Crowley,Washington University in St. Louis,PC Member,SigComm,2007
Constantine Dovrolis,Georgia Institute of Technology,PC Member,SigComm,2007
Deborah Estrin,University of California Los Angeles,PC Member,SigComm,2007
Kevin Fall,Intel Research,PC Member,SigComm,2007
Michalis Faloutsos,University of California Riverside,PC Member,SigComm,2007
Kensuke Fukuda,National Institute of Informatics,PC Member,SigComm,2007
Albert Greenberg,Microsoft - USA,PC Member,SigComm,2007
Steve Gribble,University of Washington,PC Member,SigComm,2007
James Gross,TU Berlin,PC Member,SigComm,2007
Krishna Gummadi,Max Plank Institute for Software Systems,PC Member,SigComm,2007
John Heidemann,ISI,PC Member,SigComm,2007
Polly Huang,National Taiwan University,PC Member,SigComm,2007
Jean-Pierre Hubaux,EPFL,PC Member,SigComm,2007
Roger Karrer,Deutsche Telekom Laboratories,PC Member,SigComm,2007
Dina Katabi,Massachusetts Institute of Technology,PC Member,SigComm,2007
Dmitri Krioukov,CAIDA,PC Member,SigComm,2007
T.V. Lakshman,Bell Labs,PC Member,SigComm,2007
Legout,Arnaud,PC Member,SigComm,2007
Phil Levis,Stanford,PC Member,SigComm,2007
Steven Low,California Institute of Technology,PC Member,SigComm,2007
John C.S. Lui,Chinese University of Hong Kong,PC Member,SigComm,2007
Bruce Maggs,Carnegie Mellon University/Akamai Technologies,PC Member,SigComm,2007
David Maltz,Microsoft - USA,PC Member,SigComm,2007
Laurent Mathy,Lancaster University,PC Member,SigComm,2007
Pietro Michiardi,Eurecom,PC Member,SigComm,2007
Muthukrishnan Muthu,Google,PC Member,SigComm,2007
Venkat Padmanabhan,Microsoft - USA,PC Member,SigComm,2007
Vivek Pai,Princeton University,PC Member,SigComm,2007
Christos Papadopoulos,Colorado State University,PC Member,SigComm,2007
Dina Papagiannaki,Intel Research,PC Member,SigComm,2007
Craig Partridge,BBN Technologies,PC Member,SigComm,2007
Adrian Perrig,Carnegie Mellon University,PC Member,SigComm,2007
Bhaskar Raman,Indian Institute of Technology in Kanpur India,PC Member,SigComm,2007
Jennifer Rexford,Princeton University,PC Member,SigComm,2007
Matthew Roughan,University of Adelaide,PC Member,SigComm,2007
Stefan Savage,University of California San Diego,PC Member,SigComm,2007
Srinivasan Seshan,Carnegie Mellon University,PC Member,SigComm,2007
Anees Shaikh,IBM TJ Watson Research Center,PC Member,SigComm,2007
Renata Teixeira,CNRS,PC Member,SigComm,2007
Fumio Teraoka,Keio University,PC Member,SigComm,2007
Patrick Thiran,EPFL,PC Member,SigComm,2007
Milan Vojnovic,Microsoft - England,PC Member,SigComm,2007
Kobus van der Merwe,AT&T,PC Member,SigComm,2007
Klaus Wehrle,RWTH Aachen,PC Member,SigComm,2007
David Wetherall,Intel Research & University of Washington,PC Member,SigComm,2007
Joerg Widmer,NTT DoCoMo Euro-Labs,PC Member,SigComm,2007
Walter Willinger,AT&T,PC Member,SigComm,2007
Qian Zhang,Hong Kong University of Science and Technology,PC Member,SigComm,2007
Yin Zhang,University of Texas Austin,PC Member,SigComm,2007
Yongguang Zhang,Microsoft Research Asia,PC Member,SigComm,2007
Zhi-Li Zhang,University of Minnesota,PC Member,SigComm,2007
T.S. Eugene Ng,Rice University,Student Poster Chair,SigComm,2007
David Andersen,Carnegie Mellon University,Poster PC Member,SigComm,2007
Yan Chen,Northwestern University,Poster PC Member,SigComm,2007
Cristian Estan,University of Wisconsin,Poster PC Member,SigComm,2007
Nick Feamster,Georgia Institute of Technology,Poster PC Member,SigComm,2007
Yih-Chun Hu,University of Illinois Urbana Champaign,Poster PC Member,SigComm,2007
Aleksandar Kuzmanovic,Northwestern University,Poster PC Member,SigComm,2007
Jinyang Li,New York University,Poster PC Member,SigComm,2007
Ratul Mahajan,Microsoft Research,Poster PC Member,SigComm,2007
Z. Morley Mao,University of Michigan,Poster PC Member,SigComm,2007
Jitendra Padhye,Microsoft Research,Poster PC Member,SigComm,2007
Lili Qiu,University of Texas Austin,Poster PC Member,SigComm,2007
Sanjay Rao,Purdue University,Poster PC Member,SigComm,2007
Sylvia Ratnasamy,Intel Research,Poster PC Member,SigComm,2007
Dan Rubenstein,Columbia University,Poster PC Member,SigComm,2007
Neil Spring,University of Maryland,Poster PC Member,SigComm,2007
Lakshminarayanan Subramanian,New York University,Poster PC Member,SigComm,2007
Helen Wang,Microsoft Research,Poster PC Member,SigComm,2007
Brad KarpUniversity College London,UK,Program Committee Chair,SigComm,2015
Jitendra PadhyeMicrosoft Research,USA,Program Committee Chair,SigComm,2015
Aditya Akella,University of Wisconsin,Program Committee Member,SigComm,2015
Mohammad AlizadehMassachusetts Institute of Technology and Cisco,USA,Program Committee Member,SigComm,2015
Katerina ArgyrakiEPFL,Switzerland,Program Committee Member,SigComm,2015
Aruna Balasubramanian,Stony Brook University,Program Committee Member,SigComm,2015
Hitesh Ballani,Microsoft Research,Program Committee Member,SigComm,2015
Sujata Banerjee,HP Labs,Program Committee Member,SigComm,2015
Keren Bergman,Columbia University,Program Committee Member,SigComm,2015
John Byers,Boston University,Program Committee Member,SigComm,2015
Jeff Chase,Duke University,Program Committee Member,SigComm,2015
Mung Chiang,Princeton University,Program Committee Member,SigComm,2015
Jon Crowcroft,University of Cambridge,Program Committee Member,SigComm,2015
Bruce Davie,VMware,Program Committee Member,SigComm,2015
Nandita Dukkipati,Google,Program Committee Member,SigComm,2015
Anja Feldmann,Technische University Berlin,Program Committee Member,SigComm,2015
Bryan Ford,Yale University,Program Committee Member,SigComm,2015
Nate Foster,Cornell University,Program Committee Member,SigComm,2015
Lixin Gao,University of Massachusetts Amherst,Program Committee Member,SigComm,2015
Brighten Godfrey,University of Illinois,Program Committee Member,SigComm,2015
Sharon Goldberg,Boston University,Program Committee Member,SigComm,2015
Kyle Jamieson,University College London,Program Committee Member,SigComm,2015
Srikanth Kandula,Microsoft Research,Program Committee Member,SigComm,2015
Dina Katabi,Massachusetts Institute of Technology,Program Committee Member,SigComm,2015
Sachin Katti,Stanford,Program Committee Member,SigComm,2015
Ethan Katz-Bassett,University of Southern California,Program Committee Member,SigComm,2015
Teemu Koponen,VMware,Program Committee Member,SigComm,2015
John C.S.Lui,Chinese University of Hong Kong,Program Committee Member,SigComm,2015
Z. Morley Mao,University of Michigan,Program Committee Member,SigComm,2015
Dave Oran,Cisco,Program Committee Member,SigComm,2015
George Papen,University of California San Diego ECE,Program Committee Member,SigComm,2015
KyoungSoo Park,KAIST,Program Committee Member,SigComm,2015
George Porter,University of California San Diego CSE,Program Committee Member,SigComm,2015
Luigi Rizzo,Italy,Program Committee Member,SigComm,2015
Ashutosh Sabharwal,Rice University,Program Committee Member,SigComm,2015
Stefan Savage,University of California San Diego CSE,Program Committee Member,SigComm,2015
Michael Schapira,Hebrew University,Program Committee Member,SigComm,2015
Vyas Sekar,Carnegie Mellon University,Program Committee Member,SigComm,2015
Kun Tan,Microsoft Research,Program Committee Member,SigComm,2015
Pramod Viswanath,University of Illinois Urbana Champaign,Program Committee Member,SigComm,2015
Geoff Voelker,University of California San Diego CSE,Program Committee Member,SigComm,2015
Michael Walfish,New York University,Program Committee Member,SigComm,2015
Jia Wang,AT&T Research,Program Committee Member,SigComm,2015
Philip Watts,University College London,Program Committee Member,SigComm,2015
David Wetherall,Google and University of Washington,Program Committee Member,SigComm,2015
Walter Willinger,Niksun,Program Committee Member,SigComm,2015
Keith Winstein,Stanford,Program Committee Member,SigComm,2015
Xiaowei Yang,Duke University,Program Committee Member,SigComm,2015
Minlan Yu,University of Southern California,Program Committee Member,SigComm,2015
Ming Zhang,Microsoft Research,Program Committee Member,SigComm,2015
Lin Zhong,Rice University,Program Committee Member,SigComm,2015
Roch Guerin,University of Pennsylvania,General Chair,SigComm,2005
Ramesh Govindan,University of Southern California,Program Chair,SigComm,2005
Greg Minshall,Unaffiliated,Program Chair,SigComm,2005
Joe Touch,USC/Information Sciences Institute,Conference Coordinator,SigComm,2005
Jaudelice C. de Oliveira,Drexel University,Local Organization Chair,SigComm,2005
Honghui Lu,University of Pennsylvania,Local Organization Chair,SigComm,2005
Michalis Faloutsos,University of California Riverside,Poster Chair,SigComm,2005
Saswati Sarkar,University of Pennsylvania,Publications and Publicity Chair,SigComm,2005
Andreas Terzis,Johns Hopkins University,Registration Chair,SigComm,2005
Subhabrata Sen,AT&T Labs-Research,Student Travel Grants Chair,SigComm,2005
Christos Papadopoulos,University of Southern California,Treasurer,SigComm,2005
Debanjan Saha,IBM Research,Tutorial Chair,SigComm,2005
Steven Weber,Drexel University,Web Chair,SigComm,2005
Dimitrios Stiliadis,Lucent,Workshop Chair,SigComm,2005
Steve Bellovin,Columbia University,Program Committee,SigComm,2005
Dina Katabi,Massachusetts Institute of Technology,Program Committee,SigComm,2005
RobertBraden,USC/ISI,Program Committee,SigComm,2005
Eddie Kohler,University of California Los Angeles,Program Committee,SigComm,2005
Kenjiro Cho,Internet Initiative,Program Committee,SigComm,2005
Balachander Krishnamurthy,AT&T Labs-Research,Program Committee,SigComm,2005
Jon Crowcroft,University of Cambridge,Program Committee,SigComm,2005
T.V. Lakshman,Lucent,Program Committee,SigComm,2005
Bruce Davie,Cisco,Program Committee,SigComm,2005
Bruce Maggs,Carnegie Mellon University,Program Committee,SigComm,2005
Richard Draves,Microsoft Research,Program Committee,SigComm,2005
Jeff Mogul,HP Labs,Program Committee,SigComm,2005
Anja Feldmann,TU,Program Committee,SigComm,2005
Jitendra Padhye,Microsoft Research,Program Committee,SigComm,2005
Peter Honeyman,University of Michigan,Program Committee,SigComm,2005
Ion Stoica,University of California Berkeley,Program Committee,SigComm,2005
Larry Huston,Intel Research,Program Committee,SigComm,2005
Geoffrey M. Voelker,University of California San Diego,Program Committee,SigComm,2005
Hui Zhang,Carnegie Mellon University,Program Committee,SigComm,2005
John Wroclawski,Massachusetts Institute of Technology,Program Committee,SigComm,2005
Sergey Gorinsky,IMDEA,General Chair,SigComm,2018
János Tapolcai,BME,General Chair,SigComm,2018
Tilman Wolf,University of Massachusetts,Treasurer,SigComm,2018
Mark Handley,UCL,Program Committee Chair,SigComm,2018
Dina Katabi,Massachusetts Institute of Technology,Program Committee Chair,SigComm,2018
Xiaoming Fu,GAU,Workshop Chair,SigComm,2018
K. K. Ramakrishnan,University of California Riverside,Workshop Chair,SigComm,2018
Marco Canini,KAUST,Demo Chair,SigComm,2018
Balázs Sonkoly,BME,Demo Chair,SigComm,2018
Aleksandar Kuzmanovic,Northwestern,Poster Chair,SigComm,2018
Matteo Varvello,AT&T,Poster Chair,SigComm,2018
Suresh Subramaniam,GWU,Publication Chair,SigComm,2018
Szabolcs Malomsoky,Ericsson,Tutorial Chair,SigComm,2018
Ruslan Smeliansky,MSU and ARCCN,Tutorial Chair,SigComm,2018
András Császár,Ericsson,Industrial Demo Chair,SigComm,2018
Ravi Kokku,IBM,Industrial Demo Chair,SigComm,2018
Costin Raiciu,UPB,Mentoring and One-on-One Chair,SigComm,2018
Marco Chiesa,KTH,Student Research Competition Chair,SigComm,2018
Zhi-Li Zhang,UMN,Student Research Competition Chair,SigComm,2018
Fernando Kuipers,TU Delft,Topic Preview Chair,SigComm,2018
Gábor Rétvári,BME,Topic Preview Chair,SigComm,2018
Vasileios Giotsas,Lancaster,Hackathon Chair,SigComm,2018
Zoltán Lázár,Nokia,Hackathon Chair,SigComm,2018
Levente Csikor,Hungary and Unicamp,Web Chair,SigComm,2018
István Gódor,Ericsson,Local Arrangements Chair,SigComm,2018
Zalán Heszberger,BME,Local Arrangements Chair,SigComm,2018
Michael Schapira,HUJI,Registration Chair,SigComm,2018
Stefan Schmid,Univie,Registration Chair,SigComm,2018
Joseph Tardo,tardo,Sponsorship Chair,SigComm,2018
Christina Vlachou,HPE,N2Women Chair,SigComm,2018
Antonio Fernandez Anta,IMDEA,Travel Grant Chair,SigComm,2018
Jasleen Kaur,UNC,Travel Grant Chair,SigComm,2018
Ignacio Castro,QMUL,Publicity Chair,SigComm,2018
Pin-Han Ho,UWaterloo,Publicity Chair,SigComm,2018
Henry Xu,CityU,Publicity Chair,SigComm,2018
Bruce Maggs,Duke and Akamai,Outrageous Opinion Chair,SigComm,2018
Justine Sherry,CMU,Outrageous Opinion Chair,SigComm,2018
Steve Uhlig,QMUL,SIGCOMM Conference Coordinator,SigComm,2018
Mark Handley,UCL,Program committee Chair,SigComm,2018
Dina Katabi,Massachusetts Institute of Technology,Program committee Chair,SigComm,2018
Fadel Adib,Massachusetts Institute of Technology,Member,SigComm,2018
Aditya Akella,Wisconsin,Member,SigComm,2018
Mohammad Alizadeh,Massachusetts Institute of Technology,Member,SigComm,2018
David Andersen,CMU,Member,SigComm,2018
Hitesh Ballani,Microsoft,Member,SigComm,2018
Sujata Banerjee,VMware,Member,SigComm,2018
o Benson,Brown,Member,SigComm,2018
Olivier Bonaventure,UCL,Member,SigComm,2018
Marco Canini,KAUST,Member,SigComm,2018
Martin Casado,A16Z,Member,SigComm,2018
Ranveer Chandra,Microsoft,Member,SigComm,2018
Romit Roy Choudhury,University of Illinois Urbana Champaign,Member,SigComm,2018
Mosharaf Chowdhury,UMich,Member,SigComm,2018
Nandita Dukkipati,Google,Member,SigComm,2018
Nate Foster,Cornell,Member,SigComm,2018
Deepak Ganesan,University of Massachusetts,Member,SigComm,2018
Brighten Godfrey,University of Illinois Urbana Champaign,Member,SigComm,2018
Marco Gruteser,Rutgers,Member,SigComm,2018
Haitham Hassanieh,University of Illinois Urbana Champaign,Member,SigComm,2018
Kyle Jamieson,Princeton,Member,SigComm,2018
Srikanth Kandula,Microsoft,Member,SigComm,2018
Sachin Katti,Stanford,Member,SigComm,2018
Changhoon Kim,Barefoot,Member,SigComm,2018
Eddie Kohler,Harvard,Member,SigComm,2018
Arvind Krishnamurthy,UW,Member,SigComm,2018
Kate Lin,NCTU,Member,SigComm,2018
Ratul Mahajan,Intentionet,Member,SigComm,2018
James Mickens,Harvard,Member,SigComm,2018
Dave Oran,Cisco,Member,SigComm,2018
Dina Papagiannaki,Google,Member,SigComm,2018
KyoungSoo Park,KAIST,Member,SigComm,2018
Adrian Perrig,ETH,Member,SigComm,2018
Lili Qiu,UT,Member,SigComm,2018
Costin Raiciu,UPB,Member,SigComm,2018
Michael Schapira,HUJI,Member,SigComm,2018
Aaron Schulman,UCSD,Member,SigComm,2018
Srinivasan Seshan,CMU,Member,SigComm,2018
Justine Sherry,CMU,Member,SigComm,2018
Ion Stoica,Berkeley,Member,SigComm,2018
Renata Teixeira,Inria,Member,SigComm,2018
Amin Vahdat,Google,Member,SigComm,2018
Laurent Vanbever,ETH,Member,SigComm,2018
Stefano Vissicchio,UCL,Member,SigComm,2018
Walter Willinger,NIKSUN,Member,SigComm,2018
Keith Winstein,Stanford,Member,SigComm,2018
Hongyi Zeng,Facebook,Member,SigComm,2018
Ming Zhang,Alibaba,Member,SigComm,2018
Yibo Zhu,Microsoft,Member,SigComm,2018
Per Gunningberg,Uppsala University,General conference co-chair and treasurer,SigComm,2000
Stephen Pink,University of Arizona,General conference co-chair and tutorial chair,SigComm,2000
Christophe Diot,Sprint ATL,Program committee co-chair,SigComm,2000
Jim Kurose,University of Massachusetts,Program committee co-chair,SigComm,2000
Joe Touch,USC/Information Science Institute,Publicity chair,SigComm,2000
Bengt Ahlgren,Swedish Institute of Computer Science,Local arrangements co-chair,SigComm,2000
Christian Tschudin,Uppsala University,Local arrangements co-chair,SigComm,2000
Christophe Diot,CA,Program Committee Chair,SigComm,2000
Jim Kurose,MA,Program Committee Chair,SigComm,2000
Mostafa Ammar,Georgia Institute of Technology,Program Committee,SigComm,2000
Tom Anderson,University Washington,Program Committee,SigComm,2000
Hari Balakrishnan,Massachusetts Institute of Technology,Program Committee,SigComm,2000
Lee Breslau,AT&T,Program Committee,SigComm,2000
Simon Crosby,University Cambridge,Program Committee,SigComm,2000
Jon Crowcroft,UCL,Program Committee,SigComm,2000
Christophe Diot,Sprint,Program Committee,SigComm,2000
Julio Escobar,Centauri,Program Committee,SigComm,2000
Deborah Estrin,University of Southern California,Program Committee,SigComm,2000
Roch Guerin,University Pennsylvania,Program Committee,SigComm,2000
Per Gunningberg,Uppsala University,Program Committee,SigComm,2000
Mark Handley,ACIRI/ICSI,Program Committee,SigComm,2000
Jim Kurose,University Massachusetts,Program Committee,SigComm,2000
T.V. Laksman,Lucent,Program Committee,SigComm,2000
Simon Lam,University Texas,Program Committee,SigComm,2000
J.Y. Leboudec,EPFL,Program Committee,SigComm,2000
Ian Leslie,Cambridge University,Program Committee,SigComm,2000
Bryan Lyles,Sprint,Program Committee,SigComm,2000
Derek McAuley,Microsoft Research,Program Committee,SigComm,2000
Nick McKeown,Stanford,Program Committee,SigComm,2000
Erich Nahum,IBM,Program Committee,SigComm,2000
Craig Partridge,BBN Technologies,Program Committee,SigComm,2000
Guru Parulkar,Growth Networks,Program Committee,SigComm,2000
Vern Paxson,ACIRI/ICSI,Program Committee,SigComm,2000
Radia Perlman,Sun,Program Committee,SigComm,2000
KK Ramakrishnan,AT&T,Program Committee,SigComm,2000
Luigi Rizzo,University Pisa,Program Committee,SigComm,2000
Jim Roberts,France Telecom,Program Committee,SigComm,2000
Keith Ross,Eurecom,Program Committee,SigComm,2000
Krishan Sabnani,Lucent,Program Committee,SigComm,2000
Doug Schmidt,Washington University,Program Committee,SigComm,2000
Henning Schulzrine,Columbia University,Program Committee,SigComm,2000
Aruna Seneviratne,University New South Wales,Program Committee,SigComm,2000
Scott Shenker,ACIRI/ICSI,Program Committee,SigComm,2000
Don Towsley,University Massachusetts,Program Committee,SigComm,2000
George Varghese,University of California San Diego,Program Committee,SigComm,2000
David Wetherall,University Washington,Program Committee,SigComm,2000
Ellen Zegura,Georgia Institute of Technology,Program Committee,SigComm,2000
Hui Zhang,Carnegie Mellon University,Program Committee,SigComm,2000
Lixia Zhang,University of California Los Angeles,Program Committee,SigComm,2000
Peter Steenkiste,Carnegie Mellon University,Organization Committee General Co-Chair,SigComm,2002
Matt Mathis,Pittsburgh Supercomputing Center,Organization Committee General Co-Chair,SigComm,2002
Vern Paxson,ICIR,Program Co-Chair,SigComm,2002
Hari Balakrishnan,Massachusetts Institute of Technology,Program Co-Chair,SigComm,2002
Srinivasan Seshan,Carnegie Mellon University,Tutorials Chair,SigComm,2002
Vivian Benton,Pittsburgh Supercomputing Center,Publicity Chair,SigComm,2002
Janet Brown,Pittsburgh Supercomputing Center,Local Arrangements Chair,SigComm,2002
Ion Stoica,University of California Berkeley,Student Travel Grant Chair,SigComm,2002
Karen Sollins,Massachusetts Institute of Technology,Student Poster Session Chair,SigComm,2002
Tom Anderson,University of Washington,Program Committee,SigComm,2002
Hari Balakrishan,Massachusetts Institute of Technology,Program Committee,SigComm,2002
Steve Bellovin,AT&T Labs - Research,Program Committee,SigComm,2002
Dave Clark,Massachusetts Institute of Technology,Program Committee,SigComm,2002
Mark Crovella,Boston University and Network Appliance,Program Committee,SigComm,2002
Jon Crowcroft,Cambridge University,Program Committee,SigComm,2002
Peter Druschel,Rice University,Program Committee,SigComm,2002
Anja Feldmann,University of Saarbruecken,Program Committee,SigComm,2002
Matt Grossglauser,AT&T Labs - Research,Program Committee,SigComm,2002
Jim Kurose,University of Massachusetts,Program Committee,SigComm,2002
Craig Labovitz,Arbor Networks,Program Committee,SigComm,2002
Nick McKeown,Stanford,Program Committee,SigComm,2002
Greg Minshall,Redback Networks,Program Committee,SigComm,2002
Robert Morris,Massachusetts Institute of Technology,Program Committee,SigComm,2002
Craig Partridge,BBN Technologies,Program Committee,SigComm,2002
Vern Paxson,ICIR,Program Committee,SigComm,2002
Jennifer Rexford,AT&T Labs - Research,Program Committee,SigComm,2002
Jim Roberts,France Telecomm,Program Committee,SigComm,2002
Stefan Savage,University of California San Diego,Program Committee,SigComm,2002
Scott Shenker,ICIR,Program Committee,SigComm,2002
Ion Stoica,University of California Berkeley,Program Committee,SigComm,2002
George Varghese,Univerisity of California San Diego,Program Committee,SigComm,2002
David Wetherall,University of Washington,Program Committee,SigComm,2002
Ellen Zegura,Georgia Institute of Technology,Program Committee,SigComm,2002
Pablo Rodriguez,Telefonica Research,General Chair,SigComm,2009
Ernst Biersack,Eurecom,General Chair,SigComm,2009
Konstantina  Papagiannaki,Intel Labs Pittsburgh,TPC Chair,SigComm,2009
Luigi Rizzo,Università di Pisa,TPC Chair,SigComm,2009
Christophe Diot,Thomson,Local Arrangements Chair,SigComm,2009
Dolors Sala,Universitat Pompeu Fabra,Local Arrangements Chair,SigComm,2009
Jaudelice de Oliveira,Drexel University,Conference Coordinator,SigComm,2009
Balachander Krishnamurthy,AT&T Labs-Research,Workshop Chair,SigComm,2009
Ant Rowstron,Microsoft Research,Workshop Chair,SigComm,2009
Laurent Mathy,Lancaster University,Publicity Chair,SigComm,2009
Joel Sommers,Colgate University,Publicity Chair,SigComm,2009
Nick Feamster,Georgia Tech,Poster/Demo Chair,SigComm,2009
Renata Teixeira,CNRS and UPMC,Poster/Demo Chair,SigComm,2009
Jordi Domingo,Universitat Politècnica de Catalunya,Travel Grant Chair,SigComm,2009
University of California Irvine,USA,Travel Grant Chair,SigComm,2009
Dejan Kostic,EPFL,Publication Chair,SigComm,2009
Serge Fdida,Lip6,Community Interest Chair,SigComm,2009
Susanna Avessta,DIMES Association,Community Interest Chair,SigComm,2009
Javier Aracil,Universidad Autónoma de Madrid,Registration Chair,SigComm,2009
Sue Moon,KAIST,Industrial Support Chair (Asia/Pacific Region),SigComm,2009
Moritz Steiner,Bell-Labs / Alcatel-Lucent,Web Chair,SigComm,2009
Dina Papagiannaki,Intel Research,PC Chair,SigComm,2009
Luigi Rizzo,Università di Pisa,PC Chair,SigComm,2009
David Andersen,Carnegie Mellon University,PC Member,SigComm,2009
Suman Banerjee,Madison,PC Member,SigComm,2009
Ranjita Bhagwan,Microsoft Research India,PC Member,SigComm,2009
Augustin Chaintreau,Thomson,PC Member,SigComm,2009
Ranveer Chandra,Microsoft Research,PC Member,SigComm,2009
Dah Ming Chiu,Chinese University of Hong Kong,PC Member,SigComm,2009
Kenjiro Cho,IIJ,PC Member,SigComm,2009
Chen-Nee Chuah,University of California Davis,PC Member,SigComm,2009
Jon Crowcroft,University of Cambridge,PC Member,SigComm,2009
Saumitra Das,Qualcomm Inc.,PC Member,SigComm,2009
Christophe Diot,Thomson,PC Member,SigComm,2009
Anja Feldmann,Deutsche Telekom Laboratories / TU-Berlin,PC Member,SigComm,2009
Roch Guerin,University of Pennsylvania,PC Member,SigComm,2009
Krishna Gummadi,MPI-SWS,PC Member,SigComm,2009
Per Gunningberg,Uppsala University,PC Member,SigComm,2009
Gianluca Iannaccone,Intel Research Berkeley,PC Member,SigComm,2009
Kyle Jamieson,University College London,PC Member,SigComm,2009
Thomas Karagiannis,Microsoft Research,PC Member,SigComm,2009
Brad Karp,University College London,PC Member,SigComm,2009
Dina Katabi,Massachusetts Institute of Technology,PC Member,SigComm,2009
S. Keshav,University of Waterloo,PC Member,SigComm,2009
Eddie Kohler,Inc. / UCLA,PC Member,SigComm,2009
Dmitri Krioukov,CAIDA/UCSD San Diego,PC Member,SigComm,2009
Sam Leffler,Unaffiliated,PC Member,SigComm,2009
Ratul Mahajan,Microsoft Research,PC Member,SigComm,2009
David Malone,NUI Maynooth,PC Member,SigComm,2009
David Maltz,Microsoft Research,PC Member,SigComm,2009
Morley Mao,University of Michigan,PC Member,SigComm,2009
Laurent Mathy,Lancaster University,PC Member,SigComm,2009
David Mazieres,Stanford,PC Member,SigComm,2009
Marco Mellia,Politecnico di Torino,PC Member,SigComm,2009
Michael Mitzenmacher,Harvard University,PC Member,SigComm,2009
Refik Molva,EURECOM,PC Member,SigComm,2009
Vivek Pai,Princeton University,PC Member,SigComm,2009
Christos Papadopoulos,Colorado State University,PC Member,SigComm,2009
Craig Partridge,BBN Technologies,PC Member,SigComm,2009
Himabindu Pucha,Almaden,PC Member,SigComm,2009
Lili Qiu,University of Texas Austin,PC Member,SigComm,2009
Bhaskaran Raman,IIT Bombay,PC Member,SigComm,2009
Jen Rexford,Princeton University,PC Member,SigComm,2009
Pablo Rodriguez,Telefonica Research,PC Member,SigComm,2009
Matthew Roughan,University of Adelaide,PC Member,SigComm,2009
Stefan Saroiu,Microsoft Research,PC Member,SigComm,2009
Alex Snoeren,University of California San Diego,PC Member,SigComm,2009
Giovanni Stea,University of Pisa,PC Member,SigComm,2009
Peter Steenkiste,Carnegie Mellon University,PC Member,SigComm,2009
Karthikeyan Sundaresan,NEC Laboratories America,PC Member,SigComm,2009
Nina Taft,Intel Research Berkeley,PC Member,SigComm,2009
Leandros Tassiulas,University of ssaly,PC Member,SigComm,2009
Renata Teixeira,CNRS and UPMC,PC Member,SigComm,2009
Patrick Thiran,EPFL,PC Member,SigComm,2009
Jon Turner,Washington University,PC Member,SigComm,2009
Darryl Veitch,University of Melbourne,PC Member,SigComm,2009
Jia Wang,AT&T Labs - Research,PC Member,SigComm,2009
Xiaowei Yang,Duke University,PC Member,SigComm,2009
Amgad Zeitoun,Inc.,PC Member,SigComm,2009
Yin Zhang,University of Texas Austin,PC Member,SigComm,2009
Zhi-Li Zhang,University of Minnesota,PC Member,SigComm,2009
Nick Feamster,Georgia Tech,Poster/Demo Co-Chair,SigComm,2009
Renata Teixeira,CNRS and UPMC,Poster/Demo Co-Chair,SigComm,2009
Katerina Argyraki,EPFL,Committee Member,SigComm,2009
Krishna Gummadi,MPI,Committee Member,SigComm,2009
Farnam Jahanian,UMich,Committee Member,SigComm,2009
Srikanth Kandula,Microsoft Research,Committee Member,SigComm,2009
Ramana Kompella,Purdue,Committee Member,SigComm,2009
Ratul Mahajan,Microsoft Research,Committee Member,SigComm,2009
Martin May,Thomson,Committee Member,SigComm,2009
Craig Partridge,BBN Technologies,Committee Member,SigComm,2009
Himabindu Pucha,Almaden,Committee Member,SigComm,2009
Rob Sherwood,T-Labs,Committee Member,SigComm,2009
Joel Sommers,Colgate University,Committee Member,SigComm,2009
Venkat Padmanabhan,Microsoft Research,TPC Chair,SigComm,2012
George Varghese,UCSD,TPC Chair,SigComm,2012
Aditya Akella,University of Wisconsin,Member,SigComm,2012
Virgilio Almeida,UFMG,Member,SigComm,2012
Mostafa Ammar,Georgia Tech,Member,SigComm,2012
Sujata Banerjee,HP Labs,Member,SigComm,2012
Fabián E. Bustamante,Northwestern University,Member,SigComm,2012
Matt Caesar,University of Illinois,Member,SigComm,2012
Krishna Chintalapudi,Microsoft Research India,Member,SigComm,2012
Dah Ming Chiu,Chinese University of Hong Kong,Member,SigComm,2012
Romit Roy Choudhury,Duke University,Member,SigComm,2012
Mark Crovella,Boston University,Member,SigComm,2012
Jon Crowcroft,Cambridge University,Member,SigComm,2012
Bruce Davie,Nicira Networks,Member,SigComm,2012
Jeff Dean,Google,Member,SigComm,2012
Kevin Fall,Qualcomm,Member,SigComm,2012
Nick Feamster,University of Maryland,Member,SigComm,2012
Sergey Gorinsky,Institute IMDEA Networks,Member,SigComm,2012
Krishna Gummadi,MPI-SWS,Member,SigComm,2012
Kyle Jamieson,University College London,Member,SigComm,2012
Brad Karp,University College London,Member,SigComm,2012
Dina Katabi,Massachusetts Institute of Technology,Member,SigComm,2012
Sachin Katti,Stanford,Member,SigComm,2012
Ramana Kompella,Purdue University,Member,SigComm,2012
Arvind Krishnamurthy,University of Washington,Member,SigComm,2012
Craig Labovitz,Deep Field Networks,Member,SigComm,2012
T. V. Lakshman,Alcatel-Lucent,Member,SigComm,2012
Kirill Levchenko,University of California San Diego,Member,SigComm,2012
Dave Levin,HP Labs,Member,SigComm,2012
Bruce Maggs,Duke University and Akamai Technologies,Member,SigComm,2012
Ratul Mahajan,Microsoft Research Redmond,Member,SigComm,2012
Dave Maltz,Microsoft,Member,SigComm,2012
University of Michigan,USA,Member,SigComm,2012
Nick McKeown,Stanford,Member,SigComm,2012
Mike Mitzenmacher,Harvard University,Member,SigComm,2012
Craig Partridge,Raytheon BBN Technologies,Member,SigComm,2012
Lili Qiu,UT Austin,Member,SigComm,2012
K. K. Ramakrishnan,AT&T Labs Research,Member,SigComm,2012
Bhaskaran Raman,IIT Bombay,Member,SigComm,2012
Pablo Rodriguez,Telefonica Research,Member,SigComm,2012
Ant Rowstron,Microsoft Research Cambridge,Member,SigComm,2012
Srinivasan Seshan,Carnegie Mellon University,Member,SigComm,2012
Hovav Shacham,University of California San Diego,Member,SigComm,2012
Emin Gün Sirer,Cornell University,Member,SigComm,2012
Ion Stoica,University of California Berkeley,Member,SigComm,2012
Lakshmi Subramanian,New York University,Member,SigComm,2012
Renata Teixeira,CNRS and UMPC Sorbonne Universities,Member,SigComm,2012
Jon Turner,Washington University,Member,SigComm,2012
Kobus Van der Merwe,AT&T Labs - Research,Member,SigComm,2012
David Wetherall,University of Washington,Member,SigComm,2012
Haifeng Yu,National University of Singapore,Member,SigComm,2012
Raj Yavatkar,Intel Corporation,General Chair,SigComm,2004
Ellen Zegura,Georgia Institute of Technology,Program Chair,SigComm,2004
Jennifer Rexford,AT&T Labs -- Research,Program Chair,SigComm,2004
Joe Touch,University of Southern California,Conference Coordinator,SigComm,2004
Chris Edmondson-Yurkanan,University of Texas Austin,Treasurer,SigComm,2004
Christophe Diot,Intel Corporation,Tutorial Chair,SigComm,2004
Harrick Vin,University of Texas Austin,Workshop Chair,SigComm,2004
Prashant Shenoy,University of Massachusetts Amherst,Student Poster Session Chair,SigComm,2004
Tilman Wolf,University of Massachusetts Amherst,Student Travel Grants Chair,SigComm,2004
Allyn Romanow,Cisco Systems,Publicity Chair,SigComm,2004
Marcel Waldvogel,IBM Research,Registration Chair,SigComm,2004
Wu-chang Feng,OGI School of Engineering,Local Arrangements Chair,SigComm,2004
Mostafa Ammar,Georgia Institute of Technology,Program Committee,SigComm,2004
Tom Anderson,University of Washington,Program Committee,SigComm,2004
Paul Barford,University of Wisconsin,Program Committee,SigComm,2004
Bobby Bhattacharjee,University of Maryland,Program Committee,SigComm,2004
John Byers,Boston University,Program Committee,SigComm,2004
Ken Calvert,University of Kentucky,Program Committee,SigComm,2004
Constantinos Dovrolis,Georgia  Institute of Technology,Program Committee,SigComm,2004
Anja Feldmann,Technical University of Munich,Program Committee,SigComm,2004
Lixin Gao,University of Massachusetts-Amherst,Program Committee,SigComm,2004
Ramesh Govindan,University of Southern California,Program Committee,SigComm,2004
Eddie Kohler,University of California Los Angeles,Program Committee,SigComm,2004
Jorg Leibeherr,University of Virginia,Program Committee,SigComm,2004
Jay Lepreau,University of Utah,Program Committee,SigComm,2004
Steven Low,California Institute of Technology,Program Committee,SigComm,2004
Steve McCanne,Riverbed Technology,Program Committee,SigComm,2004
Michael Mitzenmacher,Harvard University,Program Committee,SigComm,2004
Robert Morris,Massachusetts Institute of Technology,Program Committee,SigComm,2004
Venkat Padmanabhan,Microsoft Research,Program Committee,SigComm,2004
Christos Papadopoulos,University of Southern California,Program Committee,SigComm,2004
Craig Partridge,BBN Technologies,Program Committee,SigComm,2004
Vern Paxson,ICSI Center for Internet Research,Program Committee,SigComm,2004
Jim Roberts,France Telecom,Program Committee,SigComm,2004
Antony Rowstron,Microsoft Corporation,Program Committee,SigComm,2004
Dan Rubenstein,Columbia University,Program Committee,SigComm,2004
Srini Seshan,Carnegie Mellon University,Program Committee,SigComm,2004
Alex Snoeren,University of California at San Diego,Program Committee,SigComm,2004
R. Srikant,University of Illinois Urbana Champaign,Program Committee,SigComm,2004
Ion Stoica,University of California at Berkeley,Program Committee,SigComm,2004
Nina Taft,Intel Corporation,Program Committee,SigComm,2004
Jon Turner,Washington University,Program Committee,SigComm,2004
Yin Zhang,AT&T Research,Program Committee,SigComm,2004
Zhi-li Zhang,University of Minnesota,Program Committee,SigComm,2004
Victor Bahl,Microsoft Research,General Chair,SigComm,2008
David Wetherall,Intel / University of Washington,General Chair,SigComm,2008
Stefan Savage,University of California San Diego,PC Chair,SigComm,2008
Ion Stoica,University of California Berkeley,PC Chair,SigComm,2008
Suman Banerjee,University of Wisconsin at Madison,Workshop/Tutorial Chair,SigComm,2008
Alex Snoeren,University of California San Diego,Workshop/Tutorial Chair,SigComm,2008
Yin Zhang,University of Texas Austin,Publicity Chair,SigComm,2008
Ratul Mahajan,Microsoft Research,Local Arrangements Chair,SigComm,2008
Dina Papagiannaki,Intel Research,Poster/Demo Chair,SigComm,2008
Kenjiro Cho,IIJ Research Laboratory,Industrial Support Chair (Asia/Pacific Region),SigComm,2008
Karen R. Sollins,Massachusetts Institute of Technology,Travel Grant Chair,SigComm,2008
C. de Oliveira,Drexel University,Conference Coordinator,SigComm,2008
Tristan Henderson,University of St Andrews,Web Chair,SigComm,2008
Stefan Savage,University of California San Diego,PC Chair,SigComm,2008
Ion Stoica,University of California Berkeley,PC Chair,SigComm,2008
Dave Andersen,Carnegie Mellon University,PC Member,SigComm,2008
Flavio Bonomi,Cisco,PC Member,SigComm,2008
Mark Crovella,Boston University,PC Member,SigComm,2008
Peter Druschel,MPI-SWS,PC Member,SigComm,2008
Cristian Estan,University of Wisconsin,PC Member,SigComm,2008
Nick Feamster,Georgia Institute of Technology,PC Member,SigComm,2008
Anja Feldmann,T-Labs,PC Member,SigComm,2008
Paul Francis,Cornell,PC Member,SigComm,2008
Albert Greenberg,Microsoft Research,PC Member,SigComm,2008
Krishna Gummadi,MPI-SWS,PC Member,SigComm,2008
Mark Handley,UCL,PC Member,SigComm,2008
Dina Katabi,Massachusetts Institute of Technology,PC Member,SigComm,2008
S. Keshav,University of Waterloo,PC Member,SigComm,2008
Eddie Kohler,University of California Los Angeles,PC Member,SigComm,2008
Jim Kurose,University of Massachusetts,PC Member,SigComm,2008
Phil Levis,Stanford,PC Member,SigComm,2008
John Lockwood,Stanford,PC Member,SigComm,2008
Ratul Mahajan,Microsoft Research,PC Member,SigComm,2008
Allison Mankin,National Science Foundation,PC Member,SigComm,2008
Z. Morley Mao,University of Michigan,PC Member,SigComm,2008
Greg Minshall,University of Washington,PC Member,SigComm,2008
Robert Morris,Massachusetts Institute of Technology,PC Member,SigComm,2008
Eugene Ng,Rice University,PC Member,SigComm,2008
Dina Papagiannaki,Intel Research,PC Member,SigComm,2008
Niels Provos,Google,PC Member,SigComm,2008
Lili Qiu,University of Texas Austin,PC Member,SigComm,2008
Sanjoy Rao,Purdue University,PC Member,SigComm,2008
Sylvia Ratnasamy,Intel Research,PC Member,SigComm,2008
Michael Reiter,UNC,PC Member,SigComm,2008
Luigi Rizzo,Universita di Pisa,PC Member,SigComm,2008
Matthew Roughan,University of Adelaide,PC Member,SigComm,2008
Alex Snoeren,University of California San Diego,PC Member,SigComm,2008
Dawn Song,University of California Berkeley,PC Member,SigComm,2008
Lakshmi Subramanian,New York University,PC Member,SigComm,2008
Nina Taft,Intel Research,PC Member,SigComm,2008
Renata Teixeira,CNRS,PC Member,SigComm,2008
George Varghese,University of California San Diego,PC Member,SigComm,2008
Klaus Wehrle,Aachen University,PC Member,SigComm,2008
David Wetherall,Intel / University of Washington,PC Member,SigComm,2008
Xiaowei Yang,University of California Irvine,PC Member,SigComm,2008
Y. Richard Yang,Yale University,PC Member,SigComm,2008
Ellen Zegura,Georgia Institute of Technology,PC Member,SigComm,2008
Konstantina Papagiannaki,Intel Research,Poster/Demo Chair,SigComm,2008
Kevin Almeroth,UC Santa Barbara,Committee Member,SigComm,2008
Suman Banerjee,University of Wisconsin at Madison,Committee Member,SigComm,2008
Jon Crowcroft,University of Cambridge,Committee Member,SigComm,2008
Michaelis Faloutsos,University of California Riverside,Committee Member,SigComm,2008
Christos Gkantsidis,Microsoft Research,Committee Member,SigComm,2008
Ben Greenstein,Intel Research,Committee Member,SigComm,2008
Tristan Henderson,University of St Andrews,Committee Member,SigComm,2008
David Malone,Hamilton Institute,Committee Member,SigComm,2008
Pablo Rodriguez,Telefonica,Committee Member,SigComm,2008
Stefan Saroiu,University of Toronto,Committee Member,SigComm,2008
Ivan Seskar,WINLAB,Committee Member,SigComm,2008
Peter Steenkiste,Carnegie Mellon University,Committee Member,SigComm,2008
Jon Crowcroft,University of Cambridge,Program Committee Chair,SigComm,2003
David Wetherall,University of Washington,Program Committee Chair,SigComm,2003
Ross Anderson,University of Cambridge,Program Committee,SigComm,2003
John Byers,Boston University,Program Committee,SigComm,2003
David Clark,Massachusetts Institute of Technology,Program Committee,SigComm,2003
Christophe Diot,Intel Cambridge Research Lab,Program Committee,SigComm,2003
Ramesh Govindan,University of Southern California,Program Committee,SigComm,2003
David Hutchison,Lancaster University,Program Committee,SigComm,2003
Sugih Jamin,University of Michigan,Program Committee,SigComm,2003
Frans Kaashoek,Massachusetts Institute of Technology,Program Committee,SigComm,2003
Dina Katabi,Massachusetts Institute of Technology,Program Committee,SigComm,2003
Randy Katz,University of California Berkeley,Program Committee,SigComm,2003
Steven McCanne,NBT Technologies,Program Committee,SigComm,2003
Greg Minshall,unaffiliated,Program Committee,SigComm,2003
Robert Morris,Massachusetts Institute of Technology,Program Committee,SigComm,2003
Craig Partridge,BBN Technologies,Program Committee,SigComm,2003
Balaji Prabhakar,Stanford,Program Committee,SigComm,2003
Antony Rowstron,Microsoft Research,Program Committee,SigComm,2003
Stefan Savage,University of California San Diego,Program Committee,SigComm,2003
Srini Seshan,Carnegie Mellon University,Program Committee,SigComm,2003
Joe Sventek,Agilent Technologies,Program Committee,SigComm,2003
David Tennenhouse,Intel Research,Program Committee,SigComm,2003
Jon Turner,Washinton University,Program Committee,SigComm,2003
Geoff Voelker,University of California San Diego,Program Committee,SigComm,2003
Ian Wakeman,University of Sussex,Program Committee,SigComm,2003
Jennifer Yates,AT&T Labs-Research,Program Committee,SigComm,2003
Ellen Zegura,Georgia Institute of Technology,Program Committee,SigComm,2003
Hui Zhang,Turin Networks and CMU,Program Committee,SigComm,2003
Jianping Wu,Tsinghua University,General Chair,SigComm,2019
Wendy Hall,University of Southampton,General Chair,SigComm,2019
Yong Cui,Tsinghua University,Vice Chair,SigComm,2019
Xiangyang Li,USTC,Vice Chair,SigComm,2019
Katerina Argyraki,EPFL,Program Committee Chair,SigComm,2019
John Heidemann,USC/ISI,Program Committee Chair,SigComm,2019
Ashutosh Sabharwal,Rice University,Tutorial Chair,SigComm,2019
Lixin Gao,University of Massachusetts,Tutorial Chair,SigComm,2019
Srinivasan Keshav,University of Waterloo,Workshop Chair,SigComm,2019
Lixia Zhang,UCLA,Workshop Chair,SigComm,2019
Xiaoming Fu,University of Goettingen,Poster Chair,SigComm,2019
Zhili Zhang,University of Minnesota,Poster Chair,SigComm,2019
Gaogang Xie,ICT,Demo Chair,SigComm,2019
Kai Chen,HKUST,Demo Chair,SigComm,2019
Jörg Ott,Technical University of Munich,Industry Demo Chair,SigComm,2019
Ming Zhang,Alibaba,Industry Demo Chair,SigComm,2019
K. K. Ramakrishnan,University of California Riverside,Sponsorship Chair,SigComm,2019
Mingwei Xu,Tsinghua University,Sponsorship Chair,SigComm,2019
Wei Bai,Microsoft Research,Registration Chair,SigComm,2019
Wenfei Wu,Tsinghua University,Registration Chair,SigComm,2019
Xia Yin,Tsinghua University,Local Chair,SigComm,2019
Xiaochun Yun,CNCERT,Local Chair,SigComm,2019
Deke Guo,NUDT,Web Chair,SigComm,2019
Chenren Xu,Peking University,Web Chair,SigComm,2019
Ke Xu,Tsinghua University,Treasurer,SigComm,2019
Xiuzhen Cheng,George Washington University,Topic Preview Chair,SigComm,2019
Paolo Costa,Microsoft Research,Topic Preview Chair,SigComm,2019
Yanyong Zhang,USTC,N2Women Chair,SigComm,2019
Lan Wang,University of Memphis,N2Women Chair,SigComm,2019
Hongqiang Liu,Alibaba,Hackathon Chair,SigComm,2019
Hongbin Luo,BUAA,Hackathon Chair,SigComm,2019
Sheng Zhong,Nanjing University,Mentoring Chair,SigComm,2019
Yongqiang Xiong,Microsoft Research,Mentoring Chair,SigComm,2019
Keith Winstein,Stanford,Publication Chair,SigComm,2019
Xin Jin,Johns Hopkins University,Publication Chair,SigComm,2019
Lili Qiu,UT Austin,Publicity Chair,SigComm,2019
Huadong Ma,BUPT,Publicity Chair,SigComm,2019
Dan Wang,Hong Kong Polytechnic University,Publicity Chair,SigComm,2019
Timothy Wood,George Washington University,Travel Grant Chair,SigComm,2019
Junzhou Luo,Southeast University,Travel Grant Chair,SigComm,2019
Kui Ren,Zhejiang University,Travel Grant Chair,SigComm,2019
Kun Tan,Huawei,Student Research Competition Chair,SigComm,2019
Jiangchuan Liu,Simon Fraser University,Student Research Competition Chair,SigComm,2019
Steve Uhlig,University of London,SIGCOMM Coordinator,SigComm,2019
Katerina Argyraki,EPFL,Program committee Chair,SigComm,2019
John Heidemann,USC/ISI,Program committee Chair,SigComm,2019
Omid Abari,Waterloo,Member,SigComm,2019
Fadel Adib,Massachusetts Institute of Technology,Member,SigComm,2019
Aditya Akella,UWM,Member,SigComm,2019
Mark Allman,ICSI,Member,SigComm,2019
Aruna Balasubramanian,Stony Brook,Member,SigComm,2019
Hitesh Ballani,Microsoft Research,Member,SigComm,2019
Paul Barford,UWisc,Member,SigComm,2019
ophilus Benson,Brown University,Member,SigComm,2019
Nathan Bronson,Facebook,Member,SigComm,2019
Marco Canini,KAUST,Member,SigComm,2019
Kai Chen,HKUST,Member,SigComm,2019
Kenjiro Cho,IIJ,Member,SigComm,2019
Mosharaf Chowdhury,UMich,Member,SigComm,2019
Nandita Dukkipati,Google,Member,SigComm,2019
Lars Eggert,NetApp,Member,SigComm,2019
Kensuke Fukuda,NII,Member,SigComm,2019
Manya Ghobadi,Massachusetts Institute of Technology,Member,SigComm,2019
Phillipa Gill,University of Massachusetts Amherst,Member,SigComm,2019
Krishna Gummadi,MPI-SWS,Member,SigComm,2019
Dongsu Han,KAIST,Member,SigComm,2019
Polly Huang,Nanyang Technological University,Member,SigComm,2019
Te-yuan Huang,Netflix,Member,SigComm,2019
Kyle Jamieson,Princeton University,Member,SigComm,2019
Keon Jang,MPI-SWS/Google,Member,SigComm,2019
Mobin Javed,LUMS,Member,SigComm,2019
Sanjay Jha,University New South Wales,Member,SigComm,2019
Junchen Jiang,University Chicago,Member,SigComm,2019
Srikanth Kandula,Microsoft Research,Member,SigComm,2019
Thomas Karagiannis,Microsoft Research,Member,SigComm,2019
Brad Karp,University College London,Member,SigComm,2019
Ethan Katz-Bassett,Columbia,Member,SigComm,2019
Ali Khayam,Amazon,Member,SigComm,2019
Dejan Kostic,KTH Royal Institute of Technology,Member,SigComm,2019
Nikos Laoutaris,IMDEA Networks Institute,Member,SigComm,2019
Simon Leinen,SWITCH,Member,SigComm,2019
Dan Li,Tsinghua,Member,SigComm,2019
Mike Liang,Microsoft Research,Member,SigComm,2019
Bruce Maggs,Duke/Akamai,Member,SigComm,2019
Radhika Mittal,University of Illinois Urbana Champaign/Massachusetts Institute of Technology,Member,SigComm,2019
Michael Mitzenmacher,Harvard,Member,SigComm,2019
Srinivas Narayana,Rutgers,Member,SigComm,2019
Aurojit Panda,New York University,Member,SigComm,2019
Zafar Ayyub Qazi,LUMS,Member,SigComm,2019
Reza Rejaie,University Oregon,Member,SigComm,2019
Philipp Richter,Massachusetts Institute of Technology,Member,SigComm,2019
Michael Schapira,Hebrew University of Jerusalem,Member,SigComm,2019
Ricardo Schmidt,University Passo Fundo,Member,SigComm,2019
Srini Seshan,Carnegie Mellon University,Member,SigComm,2019
Justine Sherry,Carnegie Mellon University,Member,SigComm,2019
Ankit Singla,ETH Zurich,Member,SigComm,2019
Anirudh Sivaraman,New York University,Member,SigComm,2019
Alex C. Snoeren,University of California San Diego,Member,SigComm,2019
Robert Soulé,Università della Svizzera italiana,Member,SigComm,2019
Patrick Thiran,EPFL,Member,SigComm,2019
Laurent Vanbever,ETH Zurich,Member,SigComm,2019
Walter Willinger,NIKSUN,Member,SigComm,2019
Keith Winstein,Stanford,Member,SigComm,2019
Minlan Yu,Harvard,Member,SigComm,2019
Ben Zhao,University Chicago,Member,SigComm,2019
Luigi Rizzo,Università di Pisa,SIGCOMM 2006 Executive Committee General Chair,SigComm,2006
Tom Anderson,University of Washington,Program Chair,SigComm,2006
Nick McKeown,Stanford,Program Chair,SigComm,2006
Giovanni Stea,Università di Pisa,Local Organization Chair,SigComm,2006
Gianluca Iannaccone,Intel Research Cambridge,Treasurer,SigComm,2006
Brad Karp,University College London,Publicity Chair,SigComm,2006
Christophe Diot,Thomson,Workshop Chair,SigComm,2006
Serge Fdida,University Paris,Workshop Chair,SigComm,2006
Gianluca Iannaccone,Intel Research Cambridge,Posters Chair,SigComm,2006
Marco Conti,IIT-CNR,Tutorial Chair,SigComm,2006
Joe Touch,USC/Information Sciences Institute,Conference Coordinator,SigComm,2006
Laurent Mathy,Lancaster University,Publication Chair,SigComm,2006
Jaudelice C. de Oliveira,Drexel University,Travel Grant Chair,SigComm,2006
Laurent Mathy,Lancaster University,Travel Grant Chair (Europe),SigComm,2006
Kenjiro Cho,IIJ,Travel Grant Chair (Asia),SigComm,2006
Chris Edmondson-Yurkannan,University of Texas Austin,Registration Chair,SigComm,2006
Ellen Zegura,Georgia Institute of Technology,Sigcomm Award Chair,SigComm,2006
Tom Anderson,University of Washington,Program Committee Chair,SigComm,2006
Nick McKeown,Stanford,Program Committee Chair,SigComm,2006
Aditya Akella,University of Wisconsin Madison,Program Committee,SigComm,2006
Tom Anderson,University of Washington,Program Committee,SigComm,2006
Hari Balakrishnan,Massachusetts Institute of Technology,Program Committee,SigComm,2006
Dan Blumenthal,University of California,Program Committee,SigComm,2006
Flavio Bonomi,Cisco Systems,Program Committee,SigComm,2006
John Byers,Boston University,Program Committee,SigComm,2006
John Chuang,University of California Berkeley,Program Committee,SigComm,2006
Mark Crovella,Boston University,Program Committee,SigComm,2006
Jon Crowcroft,University of Cambridge,Program Committee,SigComm,2006
Bruce Davie,Cisco Systems,Program Committee,SigComm,2006
Christophe Diot,Thomson,Program Committee,SigComm,2006
Constantine Dovrolis,Georgia Institute of Technology,Program Committee,SigComm,2006
Peter Druschel,MPI for Software Systems,Program Committee,SigComm,2006
Anja Feldmann,Technical University Muenchen,Program Committee,SigComm,2006
Lixin Gao,University of Massachusetts Amherst,Program Committee,SigComm,2006
Albert Greenberg,ATT Labs Research,Program Committee,SigComm,2006
Roch Guerin,University of Pennsylvania,Program Committee,SigComm,2006
Mark Handley,University College London,Program Committee,SigComm,2006
Ramesh Johari,Stanford,Program Committee,SigComm,2006
Brad Karp,University College London,Program Committee,SigComm,2006
Dina Katabi,Massachusetts Institute of Technology,Program Committee,SigComm,2006
Jim Kurose,University of Massachusetts Amherst,Program Committee,SigComm,2006
Arnaud Legout,INRIA,Program Committee,SigComm,2006
Steven Low,California Institute of Technology,Program Committee,SigComm,2006
Ratul Mahajan,Microsoft Research,Program Committee,SigComm,2006
Z. Morley Mao,University of Michigan,Program Committee,SigComm,2006
Nick McKeown,Stanford,Program Committee,SigComm,2006
Vishal Misra,Columbia University,Program Committee,SigComm,2006
Robert Morris,Massachusetts Institute of Technology,Program Committee,SigComm,2006
Dave Oran,Cisco Systems,Program Committee,SigComm,2006
Jitendra Padhye,Microsoft Research,Program Committee,SigComm,2006
Vern Paxson,International Computer Science Institute,Program Committee,SigComm,2006
Adrian Perrig,Carnegie Mellon University,Program Committee,SigComm,2006
Sylvia Ratnasamy,Intel Research,Program Committee,SigComm,2006
Jennifer Rexford,Princeton University,Program Committee,SigComm,2006
Antony Rowstron,Microsoft Research,Program Committee,SigComm,2006
Srinivasan Seshan,Carnegie Mellon University,Program Committee,SigComm,2006
Scott Shenker,University of California Berkeley,Program Committee,SigComm,2006
Emin Gün Sirer,Cornell University,Program Committee,SigComm,2006
Alex Snoeren,University of California San Diego,Program Committee,SigComm,2006
George Varghese,University of California,Program Committee,SigComm,2006
Arun Venkataramani,University of Massachusetts Amherst,Program Committee,SigComm,2006
Paulo Verissimo,University of Lisboa,Program Committee,SigComm,2006
Walter Willinger,AT&T Labs-Research,Program Committee,SigComm,2006
Ellen Zegura,Georgia Institute of Technology,Program Committee,SigComm,2006
Hui Zhang,Carnegie Mellon University,Program Committee,SigComm,2006
Yin Zhang,University of Texas Austin,Program Committee,SigComm,2006
Amin Vahdat,UCSD and Google,Program Committee Chair,SigComm,2016
Sachin Katti,Stanford,Program Committee Chair,SigComm,2016
Aditya Akella,University of Wisconsin Madison,Program Committee Member,SigComm,2016
Mohammad Alizadeh,Massachusetts Institute of Technology,Program Committee Member,SigComm,2016
Katerina Argyraki,EPFL,Program Committee Member,SigComm,2016
Hari Balakrishnan,Massachusetts Institute of Technology,Program Committee Member,SigComm,2016
Hitesh Ballani,Microsoft,Program Committee Member,SigComm,2016
Sujata Banerjee,HP Labs,Program Committee Member,SigComm,2016
Suman Banerjee,University of Wisconsin Madison,Program Committee Member,SigComm,2016
o Benson,Duke University,Program Committee Member,SigComm,2016
Ranjita Bhagwan,Microsoft,Program Committee Member,SigComm,2016
Fabián Bustamante,Northwestern University,Program Committee Member,SigComm,2016
Nandita Dukkipati,Google,Program Committee Member,SigComm,2016
Nick Feamster,Princeton University,Program Committee Member,SigComm,2016
Nate Foster,Cornell University,Program Committee Member,SigComm,2016
Deepak Ganesan,University of Massachusetts Amherst,Program Committee Member,SigComm,2016
Yashar Ganjali,University of Toronto,Program Committee Member,SigComm,2016
Phillipa Gill,Stony Broook University,Program Committee Member,SigComm,2016
Sergey Gorisnky,IMDEA Networks Institute,Program Committee Member,SigComm,2016
Ramesh Govindan,University of Southern California,Program Committee Member,SigComm,2016
Mark Handley,University College London,Program Committee Member,SigComm,2016
Srikanth Kandula,Microsoft,Program Committee Member,SigComm,2016
Brad Karp,University College London,Program Committee Member,SigComm,2016
Ethan Katz-Bassett,University of Southern California,Program Committee Member,SigComm,2016
Teemu Koponen,VMWare,Program Committee Member,SigComm,2016
Swarun Kumar,Carnegie Mellon University,Program Committee Member,SigComm,2016
Alex Liu,Michigan State University,Program Committee Member,SigComm,2016
Harsha Madhyastha,University of Michigan,Program Committee Member,SigComm,2016
Bruce Maggs,Duke University,Program Committee Member,SigComm,2016
Ratul Mahajan,Microsoft,Program Committee Member,SigComm,2016
Vishal Misra,Columbia University,Program Committee Member,SigComm,2016
Michael Mitzenmacher,Harvard University,Program Committee Member,SigComm,2016
Jeff Mogul,Google,Program Committee Member,SigComm,2016
Andrew Moore,University of Cambridge,Program Committee Member,SigComm,2016
Radhika Niranjan Mysore,Google,Program Committee Member,SigComm,2016
Dave Oran,Cisco,Program Committee Member,SigComm,2016
Venkat Padmanabhan,Microsoft,Program Committee Member,SigComm,2016
George Papen,University of California San Diego,Program Committee Member,SigComm,2016
KyoungSoo Park,KAIST,Program Committee Member,SigComm,2016
Adrian Perrig,ETH Zurich,Program Committee Member,SigComm,2016
Sylvia Ratnasamy,University of California Berkeley,Program Committee Member,SigComm,2016
Vyas Sekar,Carnegie Mellon University,Program Committee Member,SigComm,2016
Scott Shenker,University of California Berkeley,Program Committee Member,SigComm,2016
Ankit Singla,ETH Zurich,Program Committee Member,SigComm,2016
Joshua Smith,University of Washington,Program Committee Member,SigComm,2016
Alex Snoeren,University of California San Diego,Program Committee Member,SigComm,2016
Ion Stoica,University of California Berkeley,Program Committee Member,SigComm,2016
Pramod Vishwanath,University of Illinois Urbana-Champaign,Program Committee Member,SigComm,2016
Geoff Voelker,University of California San Diego,Program Committee Member,SigComm,2016
Philip Watts,University College London,Program Committee Member,SigComm,2016
David Wetherall,Google & University of Washington,Program Committee Member,SigComm,2016
Keith Winstein,Stanford,Program Committee Member,SigComm,2016
Minlan Yu,University of Southern California,Program Committee Member,SigComm,2016
Matei Zaharia,Massachusetts Institute of Technology,Program Committee Member,SigComm,2016
Ellen Zegura,Georgia Tech,Program Committee Member,SigComm,2016
Ming Zhang,Alibaba Group,Program Committee Member,SigComm,2016
Srinivasan Keshav,University of Waterloo,General Chair,SigComm,2011
Jörg Liebeherr,University of Toronto,General Chair,SigComm,2011
John Byers,Boston University,TPC Chair,SigComm,2011
Jeffrey Mogul,HP Labs,TPC Chair,SigComm,2011
Yashar Ganjali,University of Toronto,Local Arrangements Chair,SigComm,2011
Martin Karsten,University of Waterloo,Finance Chair,SigComm,2011
Ken Calvert,University of Kentucky,Workshops Chair,SigComm,2011
Ellen Zegura,Georgia Tech,Workshops Chair,SigComm,2011
Aditya Akella,University of Wisconsin-Madison,Poster/Demo Chair,SigComm,2011
Lili Qiu,University of Texas Austin,Poster/Demo Chair,SigComm,2011
Stratis Ioannidis,Technicolor,Publications Chair,SigComm,2011
Nicolas Christin,Carnegie Mellon University,Web and Publicity Chair,SigComm,2011
Kenjiro Cho,IIJ Research Laboratory,Travel Grant Chair,SigComm,2011
Arun Venkataramani,University of Massachusetts,Travel Grant Chair,SigComm,2011
Giorgio Ventre,University of Napoli,Travel Grant Chair,SigComm,2011
Georgios Smaragdakis,Deutsche Telekom Labs & TU Berlin,Registration Chair,SigComm,2011
Stefan Saroiu,Microsoft Research,Outrageous Opinions Session Chair,SigComm,2011
Jaudelice de Oliveira,Drexel University,Conference Coordinator,SigComm,2011
John Byers,Boston University,TPC Chair,SigComm,2011
Jeffrey Mogul,HP Labs,TPC Chair,SigComm,2011
Aditya Akella,University of Wisconsin,TPC Member,SigComm,2011
Katerina Argyraki,EPFL,TPC Member,SigComm,2011
Paul Barford,University of Wisconsin,TPC Member,SigComm,2011
Augustin Chaintreau,Columbia University,TPC Member,SigComm,2011
David Clark,Massachusetts Institute of Technology,TPC Member,SigComm,2011
Jon Crowcroft,University of Cambridge,TPC Member,SigComm,2011
Constantinos Dovrolis,Georgia Tech,TPC Member,SigComm,2011
Will Eatherton,Juniper Networks,TPC Member,SigComm,2011
Michael Freedman,Princeton University,TPC Member,SigComm,2011
Yashar Ganjali,University of Toronto,TPC Member,SigComm,2011
Sharon Goldberg,Boston University,TPC Member,SigComm,2011
Matthias Grossglauser,EPFL,TPC Member,SigComm,2011
John Heidemann,USC/Information Sciences Institute,TPC Member,SigComm,2011
Kyle Jamieson,University College London,TPC Member,SigComm,2011
Ramesh Johari,Stanford,TPC Member,SigComm,2011
Brad Karp,University College London,TPC Member,SigComm,2011
Sachin KattiStanford,University,TPC Member,SigComm,2011
Arvind Krishnamurthy,University of Washington,TPC Member,SigComm,2011
Balachander Krishnamurthy,AT&T Labs - Research,TPC Member,SigComm,2011
Nikolaos Laoutaris,Telefonica Research,TPC Member,SigComm,2011
Ratul Mahajan,Microsoft Research,TPC Member,SigComm,2011
David Oran,Cisco,TPC Member,SigComm,2011
Jitendra Padhye,Microsoft Research,TPC Member,SigComm,2011
Venkat Padmanabhan,Microsoft Research,TPC Member,SigComm,2011
Adrian Perrig,Carnegie Mellon University,TPC Member,SigComm,2011
Lili Qiu,University of Texas Austin,TPC Member,SigComm,2011
Byrav Ramamurthy,University of Nebraska-Lincoln,TPC Member,SigComm,2011
Danny Raz,Technion,TPC Member,SigComm,2011
Scott RixnerRice,University,TPC Member,SigComm,2011
Timothy Roscoe,ETH Zurich,TPC Member,SigComm,2011
Mema Roussopoulos,University of Athens,TPC Member,SigComm,2011
Stefan Savage,University of California San Diego,TPC Member,SigComm,2011
Srinivasan Seshan,Carnegie Mellon University,TPC Member,SigComm,2011
Devavrat Shah,Massachusetts Institute of Technology,TPC Member,SigComm,2011
Scott Shenker,University of California Berkeley,TPC Member,SigComm,2011
Emin Gün Sirer,Cornell University,TPC Member,SigComm,2011
Vijay Sivaraman,University of New South Wales,TPC Member,SigComm,2011
Kun Tan,Microsoft Research,TPC Member,SigComm,2011
Amin Vahdat,Google / University of California San Diego,TPC Member,SigComm,2011
Helen Wang,Microsoft Research,TPC Member,SigComm,2011
Gordon Wilfong,Bell Labs Research,TPC Member,SigComm,2011
Walter Willinger,AT&T Labs - Research,TPC Member,SigComm,2011
Alec Wolman,Microsoft Research,TPC Member,SigComm,2011
Yinglian Xie,Microsoft Research,TPC Member,SigComm,2011
Richard Yang,Yale University,TPC Member,SigComm,2011
Haifeng Yu,National University of Singapore,TPC Member,SigComm,2011
Ellen Zegura,Georgia Tech,TPC Member,SigComm,2011
Yin Zhang,University of Texas Austin,TPC Member,SigComm,2011
Yongguang Zhang,Microsoft Research,TPC Member,SigComm,2011
Heather Zheng,University of California Santa Barbara,TPC Member,SigComm,2011
Shivkumar Kalyanaraman,IBM Research,Organizing Committee General Chair,SigComm,2010
Venkat Padmanabhan,Microsoft Research,Organizing Committee General Chair,SigComm,2010
K.K. Ramakrishnan,AT&T Labs Research,Vice Chair,SigComm,2010
Rajeev Shorey,NIIT University,Vice Chair,SigComm,2010
K.K. Ramakrishnan,AT&T Labs Research,TPC Chair,SigComm,2010
Geoffrey M. Voelker,San Diego,TPC Chair,SigComm,2010
Vinay Ribeiro,IIT Delhi,Local Arrangements Chair,SigComm,2010
Sudipta Maitra,IBM Daksh,Local Arrangements Chair,SigComm,2010
Christophe Diot,Technicolor,Workshop Chair,SigComm,2010
Jim Kurose,Amherst,Workshop Chair,SigComm,2010
Ranjita Bhagwan,Microsoft Research,Publicity Chair,SigComm,2010
Sue Moon,KAIST,Publicity Chair,SigComm,2010
Bhaskaran Raman,IIT Bombay,Poster/Demo Chair,SigComm,2010
Neil Spring,College Park,Poster/Demo Chair,SigComm,2010
Kevin Almeroth,Santa Barbara,Travel Grant Chair,SigComm,2010
Huzur Saran,IIT Delhi,Travel Grant Chair,SigComm,2010
Aaditeshwar Seth,IIT Delhi,Travel Grant Chair,SigComm,2010
Sergey Gorinsky,Madrid Institute for Advanced Studies in Networks (IMDEA Networks),Publication Chair,SigComm,2010
Carla-Fabiana Chiasserini,Politecnico di Torino,Registration Chair,SigComm,2010
Krishna Sivalingam,IIT Madras,Registration Chair,SigComm,2010
Partha Dutta,IBM Research,Web Chair,SigComm,2010
B.N. Jain,IIT Delhi,Academic Advisory Committee,SigComm,2010
Anurag Kumar,Bangalore,Academic Advisory Committee,SigComm,2010
Jaudelice de Oliveira,Drexel University,Conference Coordinator,SigComm,2010
K.K. Ramakrishnan,AT&T Labs - Research,TPC Chair,SigComm,2010
Geoffrey M. Voelker,University of California San Diego,TPC Chair,SigComm,2010
Kevin Almeroth,University of California Santa Barbara,TPC Member,SigComm,2010
Ramon Caceres,AT&T Labs - Research,TPC Member,SigComm,2010
Augustin Chaintreau,Thomson,TPC Member,SigComm,2010
Reuven Cohen,Technion,TPC Member,SigComm,2010
Bruce Davie,Cisco,TPC Member,SigComm,2010
Cristian Estan,NetLogic Microsystem,TPC Member,SigComm,2010
Ramesh Govindan,University of Southern California,TPC Member,SigComm,2010
Timothy G. Griffin,University of Cambridge,TPC Member,SigComm,2010
Chuanxiong Guo,Microsoft Research Asia,TPC Member,SigComm,2010
Mark Handley,University College London,TPC Member,SigComm,2010
Kyle Jamieson,University College London,TPC Member,SigComm,2010
Kevin Jeffay,University of North Carolina,TPC Member,SigComm,2010
S. Keshav,University of Waterloo,TPC Member,SigComm,2010
Murali Kodialam,Bell Labs,TPC Member,SigComm,2010
Arvind Krishnamurthy,University of Washington,TPC Member,SigComm,2010
Srikanth Krishnamurthy,University of California Riverside,TPC Member,SigComm,2010
Joy Kuri,Indian Institute of Science,TPC Member,SigComm,2010
Jinyang Li,New York University,TPC Member,SigComm,2010
Michael Mitzenmacher,Harvard University,TPC Member,SigComm,2010
Jeff Mogul,HP Labs,TPC Member,SigComm,2010
Sue Moon,KAIST,TPC Member,SigComm,2010
Robert Morris,Massachusetts Institute of Technology,TPC Member,SigComm,2010
Cristina Nita-Rotaru,Purdue University,TPC Member,SigComm,2010
David Oran,Cisco,TPC Member,SigComm,2010
Jitendra Padhye,Microsoft Research Redmond,TPC Member,SigComm,2010
Balaji Prabhakar,Stanford,TPC Member,SigComm,2010
Niels Provos,Google,TPC Member,SigComm,2010
Bhaskaran Raman,IIT Bombay,TPC Member,SigComm,2010
Ram Ramjee,Microsoft Research,TPC Member,SigComm,2010
Jennifer Rexford,Princeton University,TPC Member,SigComm,2010
Pablo Rodriguez,Telefonica Research,TPC Member,SigComm,2010
Matthew Roughan,University of Adelaide,TPC Member,SigComm,2010
Antony Rowstron,Microsoft Research Cambridge,TPC Member,SigComm,2010
Srinivasan Seshan,Carnegie Mellon University,TPC Member,SigComm,2010
Aman Shaikh,AT&T Labs - Research,TPC Member,SigComm,2010
Prashant Shenoy,University of Massachusetts Amherst,TPC Member,SigComm,2010
Emin Gün Sirer,Cornell University,TPC Member,SigComm,2010
Neil Spring,University of Maryland,TPC Member,SigComm,2010
Renata Teixeira,LIP6 / CNRS,TPC Member,SigComm,2010
Patrick Thiran,EPFL,TPC Member,SigComm,2010
Don Towsley,University of Massachusetts Amherst,TPC Member,SigComm,2010
Jon Turner,Washington University,TPC Member,SigComm,2010
Amin Vahdat,University of California San Diego,TPC Member,SigComm,2010
Anwar Walid,Bell Labs,TPC Member,SigComm,2010
Matt Welsh,Harvard University,TPC Member,SigComm,2010
Walter Willinger,AT&T Labs - Research,TPC Member,SigComm,2010
Yinglian Xie,Microsoft Research SVC,TPC Member,SigComm,2010
Yin Zhang,University of Texas Austin,TPC Member,SigComm,2010
Miguel Castro,Microsoft Research Cambridge,Additional reviewer,SigComm,2010
Paul Congdon,HP Labs,Additional reviewer,SigComm,2010
Tadayoshi Kohno,University of Washington,Additional reviewer,SigComm,2010
Amy Reibman,AT&T Labs Research,Additional reviewer,SigComm,2010
George Varghese,University of California San Diego,Additional reviewer,SigComm,2010
Paul Barford,University of Wisconsin,TPC Chair,SigComm,2013
Srinivasan Seshan,Carnegie Mellon University,TPC Chair,SigComm,2013
Aditya Akella,University of Wisconsin,TPC Member,SigComm,2013
Katerina Argyraki,EPFL,TPC Member,SigComm,2013
Ranjita Bhagwan,Microsoft Research,TPC Member,SigComm,2013
Elizabeth Belding,University of California-Santa Barbara,TPC Member,SigComm,2013
John Byers,Boston University,TPC Member,SigComm,2013
Matt Caesar,University of Illinois,TPC Member,SigComm,2013
Jon Crowcroft,University of Cambridge,TPC Member,SigComm,2013
Sonia Fahmy,Purdue University,TPC Member,SigComm,2013
Nick Feamster,Georgia Institute of Technology,TPC Member,SigComm,2013
Lixin Gao,University of Massachusetts,TPC Member,SigComm,2013
Shyamnath Gollakota,University of Washington,TPC Member,SigComm,2013
Tim Griffin,University of Cambridge,TPC Member,SigComm,2013
John Heidemann,USC/Information Sciences Institute,TPC Member,SigComm,2013
Brad Karp,University College London,TPC Member,SigComm,2013
Sachin Katti,Stanford,TPC Member,SigComm,2013
Arvind Krishnamurthy,University of Washington,TPC Member,SigComm,2013
Craig Labovitz,Arbor Networks,TPC Member,SigComm,2013
Nikolaos Laoutaris,Telefonica Research,TPC Member,SigComm,2013
David Levin,University of Maryland,TPC Member,SigComm,2013
John C.S. Lui,Chinese University of Hong Kong,TPC Member,SigComm,2013
Olaf Maennel,Loughborough University,TPC Member,SigComm,2013
Laurent Mathy,Lancaster University,TPC Member,SigComm,2013
David Oran,Cisco Systems,TPC Member,SigComm,2013
Jitu Padhye,Microsoft Research,TPC Member,SigComm,2013
Venkat Padmanabhan,Microsoft Research,TPC Member,SigComm,2013
Vyas Sekar,Stony Brook University,TPC Member,SigComm,2013
Georgios Smaragdakis,Deutsche Telekom Labs/TU Berlin,TPC Member,SigComm,2013
Peter Steenkiste,Carnegie Mellon University,TPC Member,SigComm,2013
Ion Stoica,University of California-Berkely,TPC Member,SigComm,2013
Nina Taft,Technicolor Palo Alto,TPC Member,SigComm,2013
Kun Tan,Microsoft Research,TPC Member,SigComm,2013
Amin Vahdat,Google/University of California San Diego,TPC Member,SigComm,2013
Walter Willinger,AT&T Labs Research,TPC Member,SigComm,2013
K. K. Ramakrishnan,University of California Riverside,General Chair,SigComm,2017
Lixia Zhang,University of California Los Angeles,General Chair,SigComm,2017
Peter Reiher,University of California Los Angeles,Local Arrangements Chair,SigComm,2017
Bharathan Balaji,University of California Los Angeles,Local Arrangements Chair,SigComm,2017
Fahad Dogar,Tufts University,Mentoring Chair,SigComm,2017
Sergey Gorinsky,IMDEA Networks Institute,Publication Chair,SigComm,2017
Alex Afanasyev,Florida International University,Publicity Chair,SigComm,2017
Mayutan Arumaithurai,University of Goettingen,Publicity Chair,SigComm,2017
Dan Li,Tsinghua University,Publicity Chair,SigComm,2017
Jiasi Chen,University of California Riverside,Registration Chair,SigComm,2017
Lan Wang,University of Memphis,Travel Grant Chair,SigComm,2017
Hamed Haddadi,Queen Mary University of London,Travel Grant Chair,SigComm,2017
Minlan Yu,Yale University,Treasurer,SigComm,2017
Lars Eggert,NetApp,Tutorial Chair,SigComm,2017
Lili Qiu,University of Texas Austin,Tutorial Chair,SigComm,2017
David Oran,,Workshop Chair,SigComm,2017
Bruce Maggs,Duke Univeristy / Akamai Technologies,Workshop Chair,SigComm,2017
Yashar Ganjali,University of Toronto,Conference Coordinator,SigComm,2017
Alex C. Snoeren,University of California San Diego,Program Committee Chair,SigComm,2017
Walter Willinger,NIKSUN,Program Committee Chair,SigComm,2017
Radhika Niranjan Mysore,VMware Research,N2Women Chair,SigComm,2017
Matthias Wählisch,Freie Universität Berlin,Poster Chair,SigComm,2017
Jeff Burke,University of California Los Angeles,Demo Chair,SigComm,2017
Nicholas Zhang,Huawei,Demo Chair,SigComm,2017
David Meyer,Brocade,Industrial Demo Chair,SigComm,2017
Puneet Sharma,Hewlett Packard Labs,Industrial Demo Chair,SigComm,2017
Vishal Misra,Columbia University,Student Research Competition Chair,SigComm,2017
Vyas Sekar,Carnegie Mellon University,Student Research Competition Chair,SigComm,2017
Ethan Katz-Bassett,University of Southern California,Topic Preview Chair,SigComm,2017
Justine Sherry,Carnegie Mellon University,Topic Preview Chair,SigComm,2017
Giovanni Pau,Paris,Sponsorship Chair,SigComm,2017
Alex Afanasyev,Florida International University,Web Chair,SigComm,2017
Vahab Pournaghshband,California State University,Web Chair,SigComm,2017
Alex C. Snoeren,University of California San Diego,Program Committee Chair,SigComm,2017
Walter Willinger,NIKSUN,Program Committee Chair,SigComm,2017
Mohammad Alizadeh,Massachusetts Institute of Technology,Program Committee Member,SigComm,2017
Sujata Banerjee,VMware,Program Committee Member,SigComm,2017
Suman Banerjee,University of Wisconsin Madison,Program Committee Member,SigComm,2017
o Benson,Duke University,Program Committee Member,SigComm,2017
John W. Byers,Boston University,Program Committee Member,SigComm,2017
Marco Canini,KAUST,Program Committee Member,SigComm,2017
Ranveer Chandra,Microsoft Research,Program Committee Member,SigComm,2017
David Choffnes,Northeastern University,Program Committee Member,SigComm,2017
Mosharaf Chowdhury,University of Michigan,Program Committee Member,SigComm,2017
Mark Crovella,Boston University,Program Committee Member,SigComm,2017
Rubén Cuevas,Universidad Carlos III de Madrid,Program Committee Member,SigComm,2017
Italo Cunha,UFMG,Program Committee Member,SigComm,2017
Xenofontas Dimitropoulos,University of Crete & FORTH,Program Committee Member,SigComm,2017
Nandita Dukkipati,Google,Program Committee Member,SigComm,2017
Nate Foster,Cornell University,Program Committee Member,SigComm,2017
Monia Ghobadi,Microsoft Research,Program Committee Member,SigComm,2017
Phillipa Gill,University of Massachusetts - Amherst,Program Committee Member,SigComm,2017
Sharon Goldberg,Boston University,Program Committee Member,SigComm,2017
Shyam Gollakota,University of Washington,Program Committee Member,SigComm,2017
Arjun Guha,University of Massachusetts - Amherst,Program Committee Member,SigComm,2017
Andreas Haeberlen,University of Pennsylvania,Program Committee Member,SigComm,2017
Haitham Hassanieh,University of Illinois Urbana Champaign,Program Committee Member,SigComm,2017
Changhoon Kim,Barefoot Networks,Program Committee Member,SigComm,2017
Teemu Koponen,Styra,Program Committee Member,SigComm,2017
Arvind Krishnamurthy,University of Washington,Program Committee Member,SigComm,2017
Nikolaos Laoutaris,Telefonica,Program Committee Member,SigComm,2017
Olaf Maennel,Tallinn University of Technology,Program Committee Member,SigComm,2017
Ratul Mahajan,Microsoft Research,Program Committee Member,SigComm,2017
Z. Morley Mao,University of Michigan,Program Committee Member,SigComm,2017
Michael Mitzenmacher,Harvard University,Program Committee Member,SigComm,2017
Venkat Padmanabhan,Microsoft Research India,Program Committee Member,SigComm,2017
Dina Papagiannaki,Google,Program Committee Member,SigComm,2017
George Papen,University of California San Diego,Program Committee Member,SigComm,2017
Barath Raghavan,ICSI,Program Committee Member,SigComm,2017
Bhaskaran Raman,IIT Bombay,Program Committee Member,SigComm,2017
Pablo Rodriguez,Telefonica,Program Committee Member,SigComm,2017
Michael Schapira,Hebrew University of Jerusalem,Program Committee Member,SigComm,2017
Vyas Sekar,Carnegie Mellon University,Program Committee Member,SigComm,2017
Justine Sherry,Carnegie Mellon University,Program Committee Member,SigComm,2017
Ankit Singla,ETH Zurich,Program Committee Member,SigComm,2017
Kun Tan,Huawei,Program Committee Member,SigComm,2017
Renata Teixeira,Inria,Program Committee Member,SigComm,2017
Amin Vahdat,Google,Program Committee Member,SigComm,2017
Laurent Vanbever,ETH Zurich,Program Committee Member,SigComm,2017
George Varghese,University of California Los Angeles,Program Committee Member,SigComm,2017
Keith Winstein,Stanford,Program Committee Member,SigComm,2017
Haifeng Yu,National University of Singapore,Program Committee Member,SigComm,2017
Minlan Yu,Yale University,Program Committee Member,SigComm,2017
James Hongyi Zeng,Facebook,Program Committee Member,SigComm,2017
Ming Zhang,Alibaba Group,Program Committee Member,SigComm,2017
David G. Anderson,Carnegie Mellon University,Additional Reviewer,SigComm,2017
Pat Bosshard,Barefoot Networks,Additional Reviewer,SigComm,2017
Petr Kuznetsov,Telecom ParisTech,Additional Reviewer,SigComm,2017
James Larus,EPFL,Additional Reviewer,SigComm,2017
Raluca Ada Popa,Berkeley,Additional Reviewer,SigComm,2017
Srinivasan Seshan,Carnegie Mellon University,Additional Reviewer,SigComm,2017
Darryl Veitch,University of Technology Sydney,Additional Reviewer,SigComm,2017
